id,nombre,nombre_compania,ubicacion_sede,descripcion,web,fecha_alta,ultima_verificacion,fuente,estado
aficion-360,Aficion 360,Hiberus,"Zaragoza, Zaragoza","Software para agilizar el sistema de compra de entradas, así como la creación y renovación de abonos de club deportivos de primer nivel.",https://www.hiberus.com/aficion-360-software-venta-de-entradas,2026-07-31,2026-07-31,https://www.hiberus.com/aficion-360-software-venta-de-entradas,activo
agrifood,Agrifood,Libelium,"Zaragoza, Zaragoza",Una solución para gestionar la producción de alimentos de forma más eficiente y sostenible mediante el seguimiento del rendimiento de las explotaciones agrícolas y ganaderas.,https://www.libelium.com/agrifood/,2026-07-31,2026-07-31,https://www.libelium.com/agrifood/,activo
agroslab,Agroslab,7eDATA,"Zaragoza, Zaragoza",aGROSlab Ecosistema Digital Agrario es una plataforma web que integra aplicaciones informáticas de gestión para Técnicos y Asesores de Explotaciones Agrarias,https://www.agroslab.com/,2026-07-31,2026-07-31,https://www.agroslab.com/,activo
alertran,Alertran,Alerce,"Zaragoza, Zaragoza","Sistema de gestión integral gestiona todas las áreas del Core Bussiness de las Compañías de Transporte, Courier, paquetería y carga completa",https://www.alerce-group.com/es/soluciones/gestion-integral-transporte.html,2026-07-31,2026-07-31,https://www.alerce-group.com/es/soluciones/gestion-integral-transporte.html,activo
atenea,Atenea,Hiberus,"Zaragoza, Zaragoza","Software para la gestión de Servicios de Asistencia Técnica (estión Financiera, Gestión de Contratos, Gestión de Avisos, Gestión de Técnicos y Gestión de Almacén) de forma centralizada y mediante dispositivos móviles.",https://www.hiberus.com/atenea,2026-07-31,2026-07-31,https://www.hiberus.com/atenea,activo
blogia,Blogia,Blogia SL,"Zaragoza, Zaragoza",Alojamiento de bitacoras (blogs),https://www.blogia.com/,2026-07-31,2026-07-31,https://www.blogia.com/,activo
central-de-reservas,Central de reservas,Central de reservas,"Aínsa, Huesca",Agregador de tarifas de viaje y un metabuscador de viajes para reservas de alojamiento y actividades de viaje.,https://www.centraldereservas.com/,2026-07-31,2026-07-31,https://www.centraldereservas.com/,activo
certicalia,Certicalia,Certicalia,"Zaragoza, Zaragoza",Plataforma online que te ayuda a conectar con los mejores profesionales titulados para la gestión de trámites técnicos.,https://www.certicalia.com/,2026-07-31,2026-07-31,https://www.certicalia.com/,activo
coloriuris,ColorIuris,"Coloriuris, S.L.","Zaragoza, Zaragoza",Prestador cualificado de servicios de confianza,https://www.coloriuris.net/es:index,2026-07-31,2026-07-31,https://www.coloriuris.net/es:index,activo
cognitive-enhancement-lab,Cognitive Enhancement Lab,Bitbrain,"Zaragoza, Zaragoza",Plataforma científica desarrollada para el mantenimiento y la mejora cognitiva utilizando los procedimientos de detección cerebral más avanzados.,https://www.bitbrain.com/es/productos-neurotecnologia/soluciones-completas/investigacion-consumidor,2026-07-31,2026-07-31,https://www.bitbrain.com/es/productos-neurotecnologia/soluciones-completas/investigacion-consumidor,activo
cuentica,Cuentica,Cuentica,"Zaragoza, Zaragoza","SaaS para control del negocio que permite a cualquier autónomo, profesional o empresa, hacer las facturas de sus clientes, registrar todos sus gastos y llevar al día todos sus cobros y pagos",https://cuentica.com/,2026-07-31,2026-07-31,https://cuentica.com/,activo
data-driven-factory,Data Driven Factory,Septer,"Zaragoza, Zaragoza",Producto centrado en data drive factories,https://www.septer.es/data-driven-factory/,2026-07-31,2026-07-31,https://www.septer.es/data-driven-factory/,activo
dersu,Dersu,Dersu,"Jaca, Huesca",Aplicación para descubrir rutas de senderismo y nieve.,https://www.dersu.uz/es,2026-07-31,2026-07-31,https://www.dersu.uz/es,activo
dive-medical,Dive Medical,DIVE-MEDICAL,"Zaragoza, Zaragoza","Solución tecnológica universal de exámenes y cribados exhaustivos de la función visual, adecuada a partir de los 6 meses de edad y para la evaluación de niños con problemas neurológicos.",https://dive-medical.com/es/,2026-07-31,2026-07-31,https://dive-medical.com/es/,activo
emios,EMIOS,Energy Minus,"Jaca, Huesca","Plataforma de monitorización y teleactuación con análisis visual de datos y motor de reglas en tiempo real para empresas de gestión energética, gestores de infraestructuras, comercializadoras o científicos de datos.",https://energy-minus.es/,2026-07-31,2026-07-31,https://energy-minus.es/,activo
erasmusplay,erasmusplay,Erasmus Play,"Zaragoza, Zaragoza",Erasmus Play es un comparador de alojamiento para estudiantes que permite buscar en más de 500 ciudades de toda Europa.,https://erasmusplay.com/en/,2026-07-31,2026-07-31,https://erasmusplay.com/en/,activo
espublico-corporativa,esPublico Corporativa,esPublico,"Zaragoza, Zaragoza",Plataforma para gestionar contenidos jurídicos y económicos que necesitan los ayuntamientos,https://www.espublico.com/home/corporativa,2026-07-31,2026-07-31,https://www.espublico.com/home/corporativa,activo
espublico-hacienda-local,esPublico Hacienda Local,esPublico,"Zaragoza, Zaragoza","Plataforma para gestionar contenido especializado para el equipo económico (áreas de Intervención, Tesorería y Gestión Tributaria y Recaudación) de la Administración Local",https://www.espublico.com/home/hl,2026-07-31,2026-07-31,https://www.espublico.com/home/hl,activo
espublico-recursos-humanos,esPublico Recursos Humanos,esPublico,"Zaragoza, Zaragoza",Plataforma de contenido especializado para la gestión eficaz de los Recursos Humanos en el ámbito de la Administración Local en entidades con población superior a 5.000 habitantes.,https://www.espublico.com/home/rrhh,2026-07-31,2026-07-31,https://www.espublico.com/home/rrhh,activo
e-normative,E-normative software,Pollux Technologies,"Zaragoza, Zaragoza",Con e-normative se automatiza el proceso para preparar modelos normativos de prevención y detección de delitos que son parte de la tarea de un Compliance Officer.,http://e-normative.es/compliance-software/,2026-07-31,2026-07-31,http://e-normative.es/compliance-software/,activo
fisiovr,FisioVR,Abaco Digital/Health Control,"Zaragoza, Zaragoza",FisioVR es una aplicación para gafas VR que da apoyo a los ejercicios de fisioterapia destinados a la mejora de equilibrio y déficit sensoriomotores.,https://fisiovr.es/,2026-07-31,2026-07-31,https://fisiovr.es/,activo
frogtek-analytics,Frogtek Analytics,Frogtek,"Huesca, Huesca","Frogtek Analytics recopila, procesa y analiza información de puntos de venta en el canal tradicional y la convierte en insights para mejorar el desempeño de las marcas.",https://analytics.frogtek.org/,2026-07-31,2026-07-31,https://analytics.frogtek.org/,activo
gastrik,Gastrik,Gastrik,"Pedrola, Zaragoza",Aplicación móvil para conectar a locales de hostelería con comensales enfocados en las zonas rurales de Aragón.,https://gastrik.es/,2026-07-31,2026-07-31,https://gastrik.es/,activo
gisir,Gisir,Hiberus,"Zaragoza, Zaragoza","Solución para logística inversa. Permite una gestión centralizada de todo el servicio de recogidas, siendo accesible desde cualquier sitio y completamente estándar.",https://www.hiberus.com/gisir-plataforma-de-gestion-logistica-de-residuos,2026-07-31,2026-07-31,https://www.hiberus.com/gisir-plataforma-de-gestion-logistica-de-residuos,activo
globe,Globe,Hiberus,"Zaragoza, Zaragoza","Plataforma para facilitar el proceso de planificación, control y seguimiento de proyectos de obras. Permite integrar los datos de una obra de construcción sobre un soporte gráfico tridimensional.",https://www.hiberus.com/globe,2026-07-31,2026-07-31,https://www.hiberus.com/globe,activo
grc-suite,GRC Suite,Hiberus,"Zaragoza, Zaragoza","Monitorización y seguimiento de los principales riesgos operativos y de cumplimiento, así como el control ante obligaciones fiscales y legales. Cubre todos los objetivos del GDPR así como el Modelo de Prevención de Delitos (MPDD).",https://www.hiberus.com/grc-suite,2026-07-31,2026-07-31,https://www.hiberus.com/grc-suite,activo
hiberus-agro,Hiberus Agro,Hiberus,"Zaragoza, Zaragoza",Sistema de trazabilidad medición y control de procesos productivos agroalimentarios,https://www.hiberus.com/agro,2026-07-31,2026-07-31,https://www.hiberus.com/agro,activo
iacpos,IACPOS,Hiberus,"Zaragoza, Zaragoza",Sistema de venta de entradas para la industria de los centros de ocio. Integrado en más de 96 museos y monumentos y en 29 parques temáticos.,https://www.hiberus.com/iacpos,2026-07-31,2026-07-31,https://www.hiberus.com/iacpos,activo
icollege,iCollege,Hiberus,"Zaragoza, Zaragoza","Plataforma virtual orientada a mejorar y unificar la gestión de los centros educativos, facilitando el seguimiento de los datos académicos.",https://www.hiberus.com/icollege-gestion-centros-educativos,2026-07-31,2026-07-31,https://www.hiberus.com/icollege-gestion-centros-educativos,activo
iriusrisk,IriusRisk,IriusRisk,"Huesca, Huesca","Platform for automated threat modeling. Powering security and development teams to collaborate, speed up time-to-market, and truly shift security left",https://www.iriusrisk.com/,2026-07-31,2026-07-31,https://www.iriusrisk.com/,activo
kvp,KVP,Hiberus,"Zaragoza, Zaragoza",Solución para facilitar el diseño y configuración de los turnos de los empleados y visualización posterior de toda la información de los cuadrantes horarios.,https://www.hiberus.com/kvp,2026-07-31,2026-07-31,https://www.hiberus.com/kvp,activo
maximiliana,Maximiliana,Maximiliana,"Zaragoza, Zaragoza","Dispositivo móvil centrado en la tercera edad, facilita el uso de llamadas y videollamadas, llamada SOS, localización GPS y mucho más.",https://maximiliana.es/,2026-07-31,2026-07-31,https://maximiliana.es/,activo
neki,Neki,Neki,"Zaragoza, Zaragoza",Dispositivos localizadores GPS para la tercera edad y software de seguimiento activo.,https://neki.es/index.html,2026-07-31,2026-07-31,https://neki.es/index.html,activo
neuromarketing-labs,Neuromarketing labs,Bitbrain,"Zaragoza, Zaragoza","Plataforma científica desarrollada para medir con fiabilidad y sencillez los procesos emocionales, cognitivos y conductuales involucrados en la toma de decisiones del consumidor",https://www.bitbrain.com/es/productos-neurotecnologia/soluciones-completas/investigacion-consumidor,2026-07-31,2026-07-31,https://www.bitbrain.com/es/productos-neurotecnologia/soluciones-completas/investigacion-consumidor,activo
oniad,ONiAd,ONiAd,"Cuarte de Huerva, Zaragoza","Plataforma para facilitar la gestión de publicidad programática, permite publicar anuncios en los principales medios de comunicación, páginas web y Apps.",https://oniad.com/,2026-07-31,2026-07-31,https://oniad.com/,activo
pickgeo,Pickgeo,ZZ Data Labs,"Zaragoza, Zaragoza","Plataforma B2B de Location Intelligence que simplifica un 80% la toma de decisiones en procesos de expansión de cadenas de retail. Cuenta con más de 2.000 indicadores geolocalizados, IA propietaria y un SaaS Cloud con resultados personalizados.",https://pickgeo.com/,2026-07-31,2026-07-31,https://pickgeo.com/,activo
seycob,Seycob,Seycob,"Huesca, Huesca","Sistema que permite realizar copias de seguridad vía Internet, tanto de servidores, como de ordenadores y portátiles",https://seycob.es/,2026-07-31,2026-07-31,https://seycob.es/,activo
sintra,Sintra,Hiberus,"Zaragoza, Zaragoza",Sistema inteligente para gestión de citas y reservas a través de una interacción omnicanal mediante bots y agentes.,https://www.hiberus.com/soluciones-tecnologicas,2026-07-31,2026-07-31,https://www.hiberus.com/soluciones-tecnologicas,activo
sommos,Sommos,Hiberus,"Zaragoza, Zaragoza",Aplicación para el registro y control de horas del personal de tu organización.,https://www.hiberus.com/sommos,2026-07-31,2026-07-31,https://www.hiberus.com/sommos,activo
tamesis,Tamesis,Alerce,"Zaragoza, Zaragoza","Sistema de gestión de almacén especializado en gestión logística, multiplataforma, multialmacén y multicliente que integra todas las operaciones y flujos logísticos, incluyendo la tasación y facturación de servicios y operaciones de valor añadido",https://www.alerce-group.com/es/soluciones/sistemas-gestion-almacen.html,2026-07-31,2026-07-31,https://www.alerce-group.com/es/soluciones/sistemas-gestion-almacen.html,activo
tiendatek,Tiendatek,Frogtek,"Huesca, Huesca","Aplicación software de punto de venta que permite a los microminoristas registrar todos los gastos e ingresos de la tienda directamente en un teléfono móvil o tableta. Los microminoristas obtienen acceso a informes financieros, recomendaciones personalizadas y servicios adicionales de valor agregado.",https://tiendatek.mx/,2026-07-31,2026-07-31,https://tiendatek.mx/,activo
travel-one,Travel One,Hiberus,"Zaragoza, Zaragoza",Solución integral para simplificar y automatizar las operaciones de los negocios turísticos,https://www.hiberus.com/travel-one-inventory,2026-07-31,2026-07-31,https://www.hiberus.com/travel-one-inventory,activo
videoo-tv,videoo.tv,Digital Green,"Huesca, Huesca",Reproductor de video que permite integrar fácilmente publicidad instream/preroll que se adapta a tu web con facilidad.,https://videoo.tv/es,2026-07-31,2026-07-31,https://videoo.tv/es,activo
wellic,Wellic,Wellic Health,"Utrillas, Teruel",Plataforma digital para conectar a usuarios con profesionales de la salud y el bienestar de todas las disiciplinas sanitarias.,https://www.wellic.es/,2026-07-31,2026-07-31,https://www.wellic.es/,activo
xalok,Xalok,Hiberus,"Zaragoza, Zaragoza","Herramienta diseñada para crear, distribuir y monetizar el contenido generado por medios de comunicación y editores digitales",https://www.xalok.com/#cms-medios-comunicacion,2026-07-31,2026-07-31,https://www.xalok.com/#cms-medios-comunicacion,activo
zafiro-cast,Zafiro Cast,Entertainment Solutions,"Zaragoza, Zaragoza","Solución Cast para hoteles permite facilidad de conexión con TV, IPTV y WiFi, por lo que el huésped podrá disfrutar de sus contenidos favoritos con total seguridad en tu establecimiento.",https://www.zafiro.tv/cast/,2026-07-31,2026-07-31,https://www.zafiro.tv/cast/,activo
zafiro-digital-signage,Zafiro Digital Signage,Entertainment Solutions,"Zaragoza, Zaragoza",Solución de cartelería digital para hoteles y otros establecimientos hoteleros.,https://www.zafiro.tv/digital_signage/,2026-07-31,2026-07-31,https://www.zafiro.tv/digital_signage/,activo
zafiro-mobile,Zafiro Mobile,Entertainment Solutions,"Zaragoza, Zaragoza",App adaptable para hoteles que permite al cliente acceder a todos los servicios del hotel a través del su dispositivo móvil.,https://www.zafiro.tv/mobile/,2026-07-31,2026-07-31,https://www.zafiro.tv/mobile/,activo
zafiro-tv,Zafiro TV,Entertainment Solutions,"Zaragoza, Zaragoza",Solución completa IPTV para hoteles permite ofrecer un sistema de televisión más completo para el huésped.,https://www.zafiro.tv/iptv/,2026-07-31,2026-07-31,https://www.zafiro.tv/iptv/,activo
zafiro-wifi,Zafiro WiFi,Entertainment Solutions,"Zaragoza, Zaragoza",Solución WiFi para hoteles que facilita la conexión en un entorno seguro para el huésped.,https://www.zafiro.tv/wifi/,2026-07-31,2026-07-31,https://www.zafiro.tv/wifi/,activo
